index,date,open,adj_close,prev,sma2,sma5,sma10,sma20,ema12,ema26,sma2_diff,sma5_diff,sma10_diff,sma20_diff,ema12_diff,ema26_diff,label
26,2019-04-09,2886.580078,2878.199951,2895.77002,2894.255005,2881.7079590000003,2854.9399657,2836.32447495,2857.6943993110226,2834.2469638730254,0.0005231820861243493,0.004856069681942363,0.014099895370834743,0.02052840682769413,0.01314870325543923,0.02124583641037024,0
27,2019-04-10,2881.370117,2888.209961,2878.199951,2886.9849855,2883.8999512,2860.9139647,2840.6584715,2860.8490995708653,2837.5027406972454,-0.0030522669201449673,-0.0019804045226321306,0.006005832323773768,0.013043388277091993,0.006028369023877717,0.014139813423530519,1
28,2019-04-11,2891.919922,2888.320068,2888.209961,2883.204956,2886.8619630000003,2869.1979490999997,2844.52297345,2865.058462867655,2841.258831090042,0.0017329089877756235,0.0004667243788374061,0.00658262804876473,0.015125973575298579,0.008015863958979276,0.01625613461069222,1
29,2019-04-12,2900.860107,2907.409912,2888.320068,2888.2650145,2888.6479980000004,2876.4859618,2848.51497785,2868.6371713495546,2844.7448486389276,1.9060733818996132e-05,-0.00011353658607075767,0.004097228119248712,0.013781398602947376,0.00681465218086952,0.015086700343167236,1
30,2019-04-15,2908.320068,2905.580078,2907.409912,2897.86499,2891.5819824,2883.7869628,2852.76147445,2874.6022083727003,2849.386705184192,0.0032829639744311506,0.005443996573951304,0.008125083808271828,0.018796261691357927,0.011284168596897806,0.01995700935610209,0
31,2019-04-16,2912.26001,2907.060059,2905.580078,2906.494995,2893.5439939999997,2887.6259765000004,2856.3934813,2879.368034469208,2853.5491772446226,-0.00031488273440731496,0.004142403126705462,0.00617917972247314,0.016928322530988898,0.009021277275839037,0.017907233446889496,1
32,2019-04-17,2916.040039,2900.449951,2907.060059,2906.3200685,2899.3160156000004,2891.6079834,2860.1179808499996,2883.6283459354836,2857.5129462635396,0.0002545494365377158,0.0026638745821658152,0.005315361666561192,0.01614761208825795,0.008060278284232145,0.017043718303330846,0
33,2019-04-18,2904.810059,2905.030029,2900.449951,2903.755005,2901.7640136,2894.3129882999997,2863.9289794,2886.2162851761786,2860.693465132907,-0.001139496993857946,-0.00045305474054013176,0.0021158657462386145,0.012591484844414727,0.004907399218839825,0.01370700633995978,1
34,2019-04-22,2898.780029,2907.969971,2905.030029,2902.73999,2905.1060058,2896.8770019,2866.4364867,2889.11070730292,2863.977655048988,0.0007883013177623779,-2.6153533437298438e-05,0.002806520765228257,0.013285075167806495,0.005479916399542249,0.014131480067744324,1
35,2019-04-23,2909.98999,2933.679932,2907.969971,2906.5,2905.2180176,2898.4,2871.7994872,2892.0121324870865,2867.2363451194333,0.0005054973107217093,0.0009463486306405948,0.0032909456065355965,0.012438396599935198,0.005487621492675118,0.01400758133226497,1
36,2019-04-24,2934.0,2927.25,2933.679932,2920.8249514999998,2910.8379884,2902.1909912,2878.56547845,2898.422563181381,2872.1580922957714,0.004381861961075118,0.007786106231577795,0.010733597914525295,0.01878679843319739,0.012018137505062684,0.020970876554446353,0
37,2019-04-25,2928.98999,2926.169922,2927.25,2930.464966,2914.8759766,2907.0959961,2884.0049804,2902.8575534611687,2876.2389743479366,-0.0010982888376462564,0.00422718367068073,0.0068849616192672766,0.01477325804082329,0.008332888048110457,0.017426262072615384,0
38,2019-04-26,2925.810059,2939.879883,2926.169922,2926.709961,2920.0199708,2910.8919921999995,2890.04497065,2906.4440716979116,2879.9375630629042,-0.0001845549009098108,0.0021017067921320913,0.005221135548259009,0.012345472858018179,0.006741184151262858,0.015799615254570236,1
39,2019-04-29,2940.580078,2943.030029,2939.879883,2933.0249025000003,2926.9899416,2916.0479737,2896.2669677500003,2911.5880426674635,2884.3777349100965,0.0023317212854984466,0.004384512943721594,0.00810642279564182,0.014834931012723892,0.009623468120631577,0.018879052988133114,1
40,2019-04-30,2937.139893,2945.830078,2943.030029,2941.454956,2934.0019532,2919.6099854,2901.6984741,2916.4252713340074,2888.7223492871262,0.0005351875395356269,0.0030676125323354274,0.007957799740139892,0.014043878075564108,0.009039920559367342,0.018452981851268015,1
41,2019-05-01,2952.330078,2923.72998,2945.830078,2944.4300535,2936.4319824,2923.6349854,2905.63048095,2920.94908774416,2892.952551414006,0.0004752563667726068,0.0031903047192663072,0.007534410340147241,0.013646271504326646,0.008446172928186139,0.01794995813943686,0
42,2019-05-02,2922.159912,2917.52002,2923.72998,2934.780029,2935.7279783999998,2925.3019775000002,2908.4549804499998,2921.3769173219816,2895.2323609388945,-0.0037794355414448853,-0.004103661583686907,-0.0005376684956386361,0.005224490515365684,0.0008048153195112882,0.009747007848209541,0
43,2019-05-03,2929.209961,2945.639893,2917.52002,2920.625,2933.997998,2927.0089844000004,2910.6609863500003,2920.783548503215,2896.8832986471243,-0.0010642531940535129,-0.0056479399925419855,-0.0032524076390058297,0.0023509808340577126,-0.0011185967811165815,0.007073377804233752,1
44,2019-05-06,2908.889893,2932.469971,2945.639893,2931.5799564999998,2935.15,2931.0699708,2913.9734863500003,2924.6076015027206,2900.494898228819,0.004773134874161713,0.0035611593341494502,0.0049462672727320495,0.01075026405137017,0.007140143487077428,0.015326039981487053,0
45,2019-05-07,2913.030029,2884.050049,2932.469971,2939.054932,2933.0379884000004,2933.5199708,2915.9599854,2925.8171968099946,2902.863422137795,-0.002245533991863687,-0.00019369930659739114,-0.0003580598643409001,0.005630061266874663,0.002268658931138771,0.010096113227072094,0
46,2019-05-08,2879.610107,2879.419922,2884.050049,2908.26001,2920.6819826,2928.5569825000002,2915.3739868499997,2919.391481762303,2901.469838942403,-0.008394431646009212,-0.012701559604592056,-0.015432094708423102,-0.01086109371120687,-0.012254098286039542,-0.006040044259441,0
47,2019-05-09,2859.840088,2870.719971,2879.419922,2881.7349855,2911.819971,2923.7739747,2915.4349854,2913.242011029641,2899.8365117614844,-0.0008040034321885818,-0.011252283403490273,-0.015403815317493665,-0.012507749607769833,-0.011746146774642313,-0.007090521811526306,0
48,2019-05-10,2863.100098,2881.399902,2870.719971,2875.0699465,2902.4599612,2918.2289796,2914.5604859,2906.700158717389,2897.679730964337,-0.0015152907786002232,-0.01105645640140363,-0.01654950990689994,-0.015271609680803665,-0.012533506604914712,-0.009391288679036776,1
49,2019-05-13,2840.189941,2811.870117,2881.399902,2876.0599365,2889.6119630000003,2912.3809815,2914.2144776,2902.8078115300987,2896.4738177077197,0.001853253863267567,-0.0028500247377325604,-0.010752092924864634,-0.01138841421394617,-0.007429690517876108,-0.005231455618936023,0
50,2019-05-14,2820.120117,2834.409912,2811.870117,2846.6350095,2865.4919922,2899.2649902999997,2909.43748785,2888.8173969870063,2890.2068769145553,-0.012363619603131143,-0.019069826474492162,-0.031080693511278474,-0.03469839174296394,-0.027365161542063633,-0.027859309518226724,1
51,2019-05-15,2820.379883,2850.959961,2834.409912,2823.1400145,2855.5639648,2888.1229737,2905.87897955,2880.447014681313,2886.073768402366,0.003976100087812668,-0.007463300459979496,-0.018950350643566264,-0.025214795943036515,-0.016242217643399462,-0.018227376422738827,1
52,2019-05-16,2855.800049,2876.320068,2850.959961,2842.6849365,2849.8719726000004,2880.8459718,2903.0739746500003,2875.910544884188,2883.4727456318205,0.0029025397105533744,0.00038162177472952273,-0.010482788677788764,-0.018279461782311678,-0.008751643034452224,-0.011404153364685055,1
53,2019-05-17,2858.600098,2859.530029,2876.320068,2863.6400145,2850.991992,2876.7259765999997,2901.8674805,2875.9735484404664,2882.942917659093,0.004408429243000439,0.00880572238179711,-0.00014112080380609013,-0.008881978325090929,0.00012047322667207074,-0.002302542659551105,0
54,2019-05-20,2841.939941,2840.22998,2859.530029,2867.9250485000002,2846.6180173999996,2868.1149902,2899.5924805,2873.4437762188563,2881.208629610271,-0.002935803931017301,0.004515431371257815,-0.003002228028010046,-0.014010152400466347,-0.004865746146307148,-0.0075811760640444505,0
55,2019-05-21,2854.02002,2864.360107,2840.22998,2849.8800045,2852.28999,2858.8909911,2896.20548095,2868.3339614159554,2878.1731740835844,-0.0033976208151988256,-0.004246138546851107,-0.006570246505179132,-0.01970808749437958,-0.009894966820945721,-0.013359197794111141,1
56,2019-05-22,2856.060059,2856.27002,2864.360107,2852.2950435000002,2858.280029,2856.9219968999996,2892.7394897000004,2867.722599198116,2877.1499839292446,0.004212132221264637,0.002122665367787137,0.0025967789740622715,-0.009907756580831479,-0.0011739069364562575,-0.004465177719096287,0
57,2019-05-23,2836.699951,2822.23999,2856.27002,2860.3150635,2859.3420407999997,2854.6070067,2889.1904907,2865.9606639368676,2875.6033199344856,-0.0014161978635340111,-0.0010755358486729456,0.0005822325229600929,-0.011525685761320247,-0.003392761842897358,-0.006768722774496543,0
58,2019-05-24,2832.409912,2826.060059,2822.23999,2839.255005,2848.5260252,2849.7590086,2883.9939941000002,2859.234406408119,2871.650480680079,-0.006028904366846544,-0.009313890843138321,-0.00975077197456903,-0.0218812022786199,-0.013108175257667908,-0.017507543956273883,1
59,2019-05-28,2830.030029,2802.389893,2826.060059,2824.1500244999997,2841.8320312,2844.2250243,2878.3030029,2854.130660653024,2868.2734124074805,0.0006758647941388868,-0.005580904818272358,-0.006427664281992511,-0.018486140708023867,-0.00993276896703911,-0.014937174910011548,0
60,2019-05-29,2790.25,2783.02002,2802.389893,2814.224976,2834.2640138,2843.2770019,2871.2709961,2846.170542552559,2863.3931517106303,-0.004223210706533882,-0.01137390656439972,-0.0145900857700531,-0.024579414617521965,-0.015622611850662556,-0.02176829814545375,0
61,2019-05-30,2786.939941,2788.860107,2783.02002,2792.7049564999998,2817.9959964,2838.1380127,2863.1304932,2836.4550775444727,2857.4395863987315,-0.0034800096407498434,-0.01256763377505277,-0.019805101042715562,-0.028785446250580653,-0.01920038561004415,-0.026740578890529002,1
62,2019-05-31,2766.149902,2752.060059,2788.860107,2785.9400635,2804.5140137999997,2831.9280273,2856.38699955,2829.1327743837846,2852.3596249617885,0.001047038355445124,-0.005613012556889693,-0.015442839958841997,-0.024213079881815657,-0.014440547692837239,-0.022768986440878002,0
63,2019-06-03,2751.530029,2744.449951,2752.060059,2770.460083,2790.4780275999997,2819.5020264,2848.1140015,2817.27543355551,2844.9300274831376,-0.006685909320847431,-0.01395971300639401,-0.02450599403870062,-0.03490256042410017,-0.023696929993310932,-0.033745618370292135,0
64,2019-06-04,2762.639893,2803.27002,2744.449951,2748.255005,2774.156006,2807.9940186,2838.0545044,2806.0715131623547,2837.487058854757,-0.0013864541412436664,-0.010824046905710946,-0.02315366238573459,-0.03410685385823601,-0.02245315573705451,-0.033900092738385255,1
65,2019-06-05,2818.090088,2826.149902,2803.27002,2773.8599855,2774.3320314,2804.2980226,2831.59450685,2805.6405142143003,2834.952463384034,0.010491331298866355,0.010322940135463709,-0.00036671551176509074,-0.01010408795724933,-0.0008456175100464918,-0.011301959196936115,1
66,2019-06-06,2828.51001,2843.48999,2826.149902,2814.709961,2782.9580078,2800.4770020999995,2828.6994995,2808.7958046428694,2834.3004218000315,0.0040478889643837754,0.01528294524272556,0.009084054558405595,-0.0009021451757373522,0.006140543834865112,-0.002883965848472308,1
67,2019-06-07,2852.870117,2873.340088,2843.48999,2834.819946,2793.8839844000004,2799.1989991,2826.9030029,2814.133371620889,2834.981130555585,0.0030490854655690074,0.017445465176404457,0.015576278114487049,0.0058333200251568275,0.010324150421612999,0.002992399999415882,1
68,2019-06-10,2885.830078,2886.72998,2873.340088,2858.415039,2818.1399902000003,2804.3090089,2827.03400875,2823.2420972176756,2837.8225348107267,0.005194320387736833,0.01921112576632789,0.02402468102829035,0.01611576695824808,0.017435454644422293,0.012361068339110319,1
69,2019-06-11,2903.27002,2885.719971,2886.72998,2880.035034,2846.595996,2810.376001,2827.30051265,2833.0094637995717,2841.445308528451,0.002319214490577353,0.013902922780467349,0.026449989964076923,0.020587123756548878,0.018609470429384736,0.015687186465409987,0
70,2019-06-12,2882.72998,2879.840088,2885.719971,2886.2249755000003,2863.0859862,2818.7090088,2830.99300535,2841.118772599638,2844.724913155973,-0.00017500121462765046,0.007843444626457063,0.023221574814405302,0.018964752713353204,0.01545583038152739,0.014206180175486988,0
71,2019-06-13,2886.23999,2891.639893,2879.840088,2882.7800294999997,2873.8240233999995,2828.3910156,2833.2645141499997,2847.0758980458477,2847.3260372184936,-0.0010208697046236147,0.0020890273126861173,0.017865253218184853,0.016172972257756896,0.01137708655792288,0.011290227855702481,1
72,2019-06-14,2886.820068,2886.97998,2891.639893,2885.7399905,2883.454004,2838.6689942000003,2835.29851075,2853.9318972695633,2850.608545054161,0.0020403309949769827,0.0028308811964505086,0.01831863605431306,0.019484231901209337,0.013040349810403164,0.014189646520359136,0
73,2019-06-17,2889.75,2889.669922,2886.97998,2889.3099365,2886.1819824000004,2852.1609863000003,2835.83150635,2859.0162176896306,2853.3027254205194,-0.0008070566876600761,0.00027641258530642444,0.012060698010105264,0.01771694781548161,0.009686164263033606,0.011665219299331833,1
74,2019-06-18,2906.709961,2917.75,2889.669922,2888.324951,2886.7699708,2866.6829834,2837.338501,2863.7321721989183,2855.9965918338144,0.0004654410490832478,0.0010035579420063715,0.007954866548941444,0.01810982652433196,0.008976025117474208,0.011653002271927193,1
75,2019-06-19,2920.550049,2926.459961,2917.75,2903.709961,2893.1759766,2878.1309814,2841.214502,2872.0426072452383,2860.5709183646427,0.004811940365007276,0.008422251186702078,0.013578620032559297,0.026230999228857917,0.015665287551970428,0.01959697768326872,1
76,2019-06-20,2949.600098,2954.179932,2926.459961,2922.1049805000002,2902.4999512000004,2888.1619873000004,2844.3194947,2880.414507822894,2865.451588189484,0.0014881394442559342,0.008187369763915122,0.013086792305510584,0.028068200964530415,0.015734181841111503,0.02084715787113275,1
77,2019-06-21,2952.709961,2950.459961,2954.179932,2940.3199465,2915.007959,2899.2309815,2849.2149903,2891.763034619372,2872.024058101374,0.0046916524446826485,0.013259846692371336,0.018600407478497533,0.035530991380385575,0.021128333011988028,0.027810044001959574,0
78,2019-06-24,2951.419922,2945.350098,2950.459961,2952.3199465,2927.7039551999997,2906.9429688,2855.62598885,2900.7933309856226,2877.8341249827536,-0.0006304052671737869,0.007712697715202232,0.014749223095795131,0.0321420976402127,0.016833521102094177,0.024615089503750246,0
79,2019-06-25,2945.780029,2917.379883,2945.350098,2947.9050294999997,2938.8399904000003,2912.8049806,2861.5904907999998,2907.6482182186037,2882.835308169216,-0.0008674457755411591,0.002210300094518553,0.011049660080171556,0.028437912103174406,0.012800474825385665,0.021224909688404615,0
80,2019-06-26,2926.070068,2913.780029,2917.379883,2931.3649905,2938.7659670000003,2915.9709718,2867.3399903,2909.1453974157416,2885.394165564089,-0.004793721784911663,-0.007330579101000886,0.00048293717530928344,0.01715234035566979,0.00282256199552276,0.010963850687494194,0
81,2019-06-27,2919.659912,2924.919922,2913.780029,2915.579956,2936.2299806,2919.3649659,2873.87799075,2909.8584176594736,2887.496822114897,-0.0006177291978412503,-0.007704751689064472,-0.0019167325070576819,0.013694252089336358,0.001345884487331146,0.0090203126603635,1
82,2019-06-28,2932.939941,2941.76001,2924.919922,2919.3499755000003,2930.3779786,2922.6929688,2880.6809815,2912.1755721734007,2890.2689035878675,0.0019043073480764466,-0.0018660533435280707,0.0007613723655303632,0.015124838176680824,0.004357161962193138,0.011846826352920763,1
83,2019-07-01,2971.409912,2964.330078,2941.76001,2933.339966,2928.6379884000003,2928.1709717999997,2890.16597905,2916.7270241467236,2894.0830596183955,0.002862247080447586,0.004460602345328536,0.004619356491966261,0.01753849082678915,0.008509526871050364,0.016206947616234833,1
84,2019-07-02,2964.659912,2973.01001,2964.330078,2953.045044,2932.4339843999996,2935.6369874,2901.1599854,2924.0505708933815,2899.2865424614774,0.0038069424467108877,0.010759966927003031,0.009679451965537753,0.02131007375623298,0.013588064097704857,0.021942069144474847,1
85,2019-07-03,2978.080078,2995.820068,2973.01001,2968.670044,2943.5600098,2941.1629884,2909.6469849,2931.5827922944,2904.7475400569233,0.00145978855954138,0.009905785752803428,0.010712046543025284,0.02131275202130919,0.013934435997946746,0.02296072657457237,1
86,2019-07-05,2984.25,2990.409912,2995.820068,2984.415039,2959.9680176,2948.0989991,2918.1304932,2941.4654500952615,2911.493653237892,0.0038069806400669367,0.01196735771382109,0.01592921731506335,0.025932657181198967,0.018143485480096082,0.028148023862596013,0
87,2019-07-08,2979.77002,2975.949951,2990.409912,2993.11499,2973.0660156,2951.7219971,2925.4764893,2948.995367311375,2917.3393020350854,-0.000904584347833033,0.005799839122523674,0.012937328339085615,0.021713886928823135,0.013849119654946163,0.024434981194950852,0
88,2019-07-09,2965.52002,2979.629883,2975.949951,2983.1799315,2979.9040038,2954.2709961,2930.60698245,2953.1422263403942,2921.680831588042,-0.0024294697891576815,-0.0013286691191399583,0.007284717571515371,0.015236468790331489,0.007664014864208921,0.018235897883202654,1
89,2019-07-10,2989.300049,2993.070068,2979.629883,2977.789917,2982.9639648,2957.6989746,2935.2519776,2957.2172504418722,2925.9733539148538,0.0006175149505976424,-0.0011189583709783693,0.007360279384068768,0.014893764374291633,0.007521951865901536,0.01800778324558987,1
90,2019-07-11,2999.620117,2999.909912,2993.070068,2986.3499755000003,2986.9759764,2965.2679931,2940.61948245,2962.733068527738,2930.943480884124,0.002245217234252779,0.0020360671355990306,0.009288815252687297,0.017524008579273977,0.01013574650209694,0.020756810132877983,1
91,2019-07-12,3003.360107,3013.77002,2999.909912,2996.48999,2987.7939452,2973.8809814,2946.62297365,2968.452582908086,2936.0521054112255,0.0011400082336872662,0.004038776881777249,0.00867657075163528,0.017762846189762555,0.01048609125430107,0.02128657475124025,1
92,2019-07-15,3017.800049,3014.300049,3013.77002,3006.839966,2992.4659668,2982.7659912,2952.7294800000004,2975.424496306842,2941.8089879733566,0.0022994634474464404,0.007068904746753038,0.01028745677150243,0.020253881216855264,0.012723440554086526,0.02387741318982374,1
93,2019-07-16,3012.129883,3004.040039,3014.300049,3014.0350344999997,3000.1359863999996,2990.0199951000004,2959.09548345,2981.405350567328,2947.178696197552,8.791908426241543e-05,0.004698955767425762,0.008054955878746871,0.018314223750988002,0.01091288123210728,0.022267641479392666,0
94,2019-07-17,3005.100098,2984.419922,3004.040039,3009.170044,3005.0180176000003,2993.9909912,2964.8139893,2984.8876103262005,2951.390647516252,-0.0017077019391884287,-0.00032555444910978087,0.003345177717186929,0.013057765273014792,0.006375557058212525,0.017526194990821118,0
95,2019-07-18,2978.870117,2995.110107,2984.419922,2994.2299805000002,3003.2879884,2995.1319824,2968.1474854,2984.8156582760157,2953.837260440974,-0.0032870905423476784,-0.006322188865216891,-0.003589327467302758,0.0054524621284176705,-0.00013260073527135113,0.01024743915344559,1
96,2019-07-19,3004.26001,2976.610107,2995.110107,2989.7650145,3002.3280274,2995.0609863,2971.5799927,2986.399419618167,2956.8945083342355,0.0017846063446909505,-0.002409901520191395,1.64002985683902e-05,0.00785617672118528,0.002908302890593177,0.01275933014163624,0
97,2019-07-22,2981.929932,2985.030029,2976.610107,2985.860107,2994.8960448000003,2993.6810058,2972.7015014500003,2984.8933715230646,2958.354923050218,-0.0031075618463590735,-0.006143208933208222,-0.005735013383128354,0.0013131063221239409,-0.0027827845183973385,0.006132877096282028,1
98,2019-07-23,2994.73999,3005.469971,2985.030029,2980.820068,2989.0420408,2994.5890136000003,2974.43000485,2984.9143957502856,2960.330856824276,0.001410358006150571,-0.0013440440334009055,-0.003202307684389549,0.0035510611441155727,3.873771740685968e-05,0.008274346299959455,1
99,2019-07-24,2998.77002,3019.560059,3005.469971,2995.25,2989.3280272,2997.1730224,2977.4359985,2988.0767919425493,2963.6744949113668,0.0034004568665177946,0.005370855126071665,0.002760616036778954,0.009327650174682078,0.005787174460326908,0.013906469368159001,1
100,2019-07-25,3016.26001,3003.669922,3019.560059,3012.515015,2996.3560546,2999.8220215,2982.5450073,2992.9203714898495,2967.8141663253396,0.0023331359079948547,0.007684564620875465,0.006536726249630059,0.012258425392028188,0.0088223737861246,0.017136897979700146,0
101,2019-07-26,3013.25,3025.860107,3003.669922,3011.6149905,2998.0680176,3000.1980224999998,2987.03950195,2994.574148491411,2970.4701482271666,-0.002645120371518692,0.0018650199740555802,0.0011558858297214358,0.005536700263964585,0.0030282200590578045,0.011053069956078016,1
102,2019-07-29,3024.469971,3020.969971,3025.860107,3014.7650145,3007.9180176,3001.4070312,2992.0865112,2999.387372877348,2974.5731081362655,0.0036667565940450768,0.005929583247584019,0.008081363623992574,0.011161651433213413,0.008748829485345446,0.016949560472107585,0
103,2019-07-30,3007.659912,3013.179932,3020.969971,3023.415039,3015.106006,3002.0740233999995,2996.04700925,3002.707772588525,2978.0099127928383,-0.0008093652116610172,0.001941086821878908,0.006254927318508077,0.008249986590151383,0.006045143972559818,0.014220617424059008,0
104,2019-07-31,3016.219971,2980.379883,3013.179932,3017.0749514999998,3016.6479981999996,3002.9880127,2998.48950195,3004.3188740364444,2980.615099400776,-0.001292660772970979,-0.0011509655175811824,0.003382446295941905,0.004875390909778577,0.002940766287950837,0.010807463654388826,0
105,2019-08-01,2980.320068,2953.560059,2980.379883,2996.7799075000003,3008.811963,3002.5840087999995,2998.8579956,3000.63595233853,2980.597675963682,-0.005502662460428438,-0.009539750339269097,-0.007450099206027782,-0.00619991857595014,-0.00679647230679213,-7.30755716491524e-05,0
106,2019-08-02,2943.899902,2932.050049,2953.560059,2966.969971,2998.7899903999996,2998.429004,2996.7449951500002,2993.393507209525,2978.5948895219276,-0.004540253704724166,-0.015313699568145371,-0.015191478792949159,-0.014621316407096071,-0.013486588189783332,-0.008476154207747461,0
107,2019-08-05,2898.070068,2844.73999,2932.050049,2942.805054,2980.0279788,2993.9729982,2993.827002,2983.9560521003673,2975.1471235573404,-0.0036680837026189465,-0.01636327108957882,-0.021119335674750602,-0.021069542459232437,-0.01770297308467511,-0.014698614906672222,0
108,2019-08-06,2861.179932,2881.77002,2844.73999,2888.3950194999998,2944.7819826,2979.9439943,2987.26650395,2962.5381963926184,2965.4873358864265,-0.015345876830029631,-0.035167359038672616,-0.04752771950170398,-0.0501017718494546,-0.041409129413130775,-0.042445828550547605,1
109,2019-08-07,2858.649902,2883.97998,2881.77002,2863.255005,2918.5000002,2967.5739992000003,2982.3735107999996,2950.1123231014462,2959.2860532281725,0.006424875986460554,-0.01274563200570746,-0.029774749062036678,-0.03491031210047764,-0.023715391105861496,-0.026898757600432165,1
110,2019-08-08,2896.209961,2938.090088,2883.97998,2882.875,2899.2200196,2954.0159912999998,2976.9190064000004,2939.9381164704546,2953.707825581641,0.0003831441298701625,-0.0052843777369078054,-0.024284499818199048,-0.03222596101377941,-0.019403094632596762,-0.024177645498649005,1
111,2019-08-09,2930.51001,2918.649902,2938.090088,2911.035034,2896.1260254,2947.4580078999998,2973.8280151999998,2939.653804398077,2952.550956131149,0.009208381359884268,0.014282769194652425,-0.0031884386180876813,-0.012163659428267276,-0.0005322220732658841,-0.004921860017230777,0
112,2019-08-12,2907.070068,2882.699951,2918.649902,2928.369995,2893.445996,2936.7369874,2969.0720093,2936.4224347983727,2950.039766936249,-0.003330338795803919,0.008635467372338577,-0.006197072621696022,-0.01727583265997344,-0.006089299297662935,-0.010754926418115176,0
113,2019-08-13,2880.719971,2926.320068,2882.699951,2900.6749265,2901.0379882,2922.9099854,2962.4920044,2928.157437290931,2945.0516324224527,-0.006235465294875498,-0.00636141031384093,-0.013948740792829062,-0.02767962491979797,-0.015769066175326956,-0.021629611989559663,1
114,2019-08-14,2894.149902,2840.600098,2926.320068,2904.5100095,2909.9479978000004,2914.223999,2958.6060058499997,2927.874765092326,2943.6641091319007,0.007453066647937226,0.00559476401061936,0.004133542715396562,-0.01103294824207854,-0.0005312806036930145,-0.005926911865028657,0
115,2019-08-15,2846.199951,2847.600098,2840.600098,2883.460083,2901.2720214,2900.2460205,2951.41501465,2914.447893231968,2936.029737936945,-0.01508835581262451,-0.02135884014181295,-0.020997648539826365,-0.03901109372207035,-0.0259972515258176,-0.033594887222645246,1
116,2019-08-16,2864.73999,2888.679932,2847.600098,2844.100098,2883.1740234,2889.6500244,2944.0395141999998,2904.1636170424345,2929.479394237912,0.0012291051691065084,-0.012492598741299807,-0.014766794828225212,-0.03386690998772394,-0.019863575325117358,-0.028753790356805944,1
117,2019-08-19,2913.47998,2923.649902,2888.679932,2868.140015,2877.1800294,2885.3130127,2939.64300545,2901.7815116512907,2926.457211849918,0.007110485579404115,0.0039810234677117706,0.0011655563715115196,-0.017642339978702817,-0.004535490244576757,-0.01307769664317319,1
118,2019-08-20,2919.01001,2900.51001,2923.649902,2906.164917,2885.3700196,2893.2040039,2936.5739991,2905.145879397246,2926.2492629721464,0.005980533095990386,0.01309318272814189,0.010413660705125099,-0.004420535130132666,0.006329082900827449,-0.0008890807925970044,0
119,2019-08-21,2922.040039,2924.429932,2900.51001,2912.079956,2880.208008,2895.0780029,2931.32600105,2904.4326687207467,2924.3426516408767,-0.003988935035600885,0.006999459381283053,0.001872776539736952,-0.010624335356112033,-0.0013524030971183469,-0.008216707254486177,1
120,2019-08-22,2930.939941,2922.949951,2924.429932,2912.469971,2896.9739748,2899.1229980999997,2926.5694947,2907.5091707637084,2924.349116852664,0.004089672612474143,0.00938848180275014,0.008653629763217843,-0.000731617015880061,0.005786003299699362,2.7634496026668673e-05,0
121,2019-08-23,2911.070068,2847.110107,2922.949951,2923.6899415,2912.0439454,2897.6089844000003,2922.5334961500002,2909.8846754154456,2924.245474937652,-0.00025316564169926455,0.0037311639894034724,0.008669654638229477,0.00014247758496765622,0.004469893704503754,-0.0004432248103354468,0
122,2019-08-26,2866.699951,2878.379883,2847.110107,2885.030029,2903.7299804000004,2890.4550049,2913.5959961500002,2900.2270495053767,2918.5317439793075,-0.013318740960094538,-0.01988678739919222,-0.015224173379677436,-0.023352061090484644,-0.018656441271723796,-0.02508566029944115,1
123,2019-08-27,2893.139893,2869.159912,2878.379883,2862.744995,2894.6759766,2890.0229981,2906.4664917500004,2896.865946966088,2915.5575320549146,0.00543183618407746,-0.005661550685594459,-0.00404502378882147,-0.009757783854689455,-0.006422385062954472,-0.012916171793198494,0
124,2019-08-28,2861.280029,2887.939941,2869.159912,2873.7698975000003,2888.405957,2884.3069825000002,2899.26549075,2892.603480048228,2912.120671310106,-0.0016067370385036317,-0.006707902518610077,-0.005279270227026703,-0.010492820084403838,-0.008170882337431708,-0.01497328856799736,1
125,2019-08-29,2910.370117,2924.580078,2887.939941,2878.5499265,2881.1079588000002,2889.0409668,2894.64349365,2891.8860125023466,2910.32950610195,0.0032514576798119894,0.0023656940031911338,-0.0003812495489843415,-0.002321223012580611,-0.0013663966643918904,-0.007752780722370901,1
126,2019-08-30,2937.090088,2926.459961,2924.580078,2906.2600095,2881.4339842,2896.7389648,2893.1944946,2896.9158687327545,2911.385104020324,0.006264170585654985,0.014752919273629825,0.009519695975991022,0.010731654652268368,0.009459207315042614,0.0045117499359769555,1
127,2019-09-03,2909.01001,2906.27002,2926.459961,2925.5200194999998,2897.303955,2900.5169677000004,2892.9149902,2901.461113696946,2912.5017600928927,0.0003211872065658031,0.009962892501026143,0.008864974626591063,0.011462644713081076,0.008542350702283855,0.0047696538114731825,0
128,2019-09-04,2924.669922,2937.780029,2906.27002,2916.3649905,2902.8819823999997,2898.7789795,2895.9914916999996,2902.2009454358777,2912.0401497156417,-0.0034735143089010953,0.0011657683479803398,0.002577544566901617,0.0035366735469405178,0.0014001020332316799,-0.001985407300744139,1
129,2019-09-05,2960.600098,2976.0,2937.780029,2922.0250244999997,2916.6060058000003,2902.5059814,2898.79199215,2907.674650599589,2913.946807440409,0.005362894547745687,0.0072074910275726906,0.012007041797478264,0.013271258046937946,0.010247662555817298,0.008112663754373639,1
130,2019-09-06,2980.330078,2978.709961,2976.0,2956.8900145,2934.2180176,2907.6629882,2903.3929931499997,2918.1862428150366,2918.543340222601,0.0064213660954301815,0.014039644623655858,0.022962705577956922,0.024397515742607623,0.019426665720753824,0.01930667331229811,1
131,2019-09-09,2988.429932,2978.429932,2978.709961,2977.3549805000002,2945.0439942000003,2913.2389892,2905.4239868,2927.497584074262,2923.0001269468526,0.0004548883636676378,0.011302197005007347,0.02197963972901218,0.024603259518223383,0.017192804132076498,0.018702671553307185,0
132,2019-09-10,2971.01001,2979.389893,2978.429932,2978.5699465,2955.4379884,2926.3709716999997,2908.4129882999996,2935.333329908991,2927.106038432271,-4.700949936591599e-05,0.007719484468302077,0.017478658719039596,0.023508004317222397,0.01446957057071676,0.017231862000952086,1
133,2019-09-11,2981.409912,3000.929932,2979.389893,2978.9099125000002,2970.061963,2936.4719727,2913.2474854,2942.111262692223,2930.978916548399,0.00016110026456338765,0.0031308188370765626,0.014404935856443103,0.02219998388106227,0.01251216915092653,0.016248620754652294,1
134,2019-09-12,3009.080078,3009.570068,3000.929932,2990.1599125000002,2982.6919436,2949.6489747,2916.9779786,2951.1602887395734,2936.1604732485175,0.003588894024200683,0.00607744559628731,0.017088355430485924,0.027975312753820102,0.016584740193269738,0.021583129302961176,1
135,2019-09-13,3012.209961,3007.389893,3009.570068,3005.25,2989.4059571999996,2961.8119874000004,2925.4264771,2960.146408625793,2941.598221007887,0.0014354435691443725,0.0066999971239747,0.01586873856428839,0.027958674826905595,0.016422166042823327,0.022585234919379558,0
136,2019-09-16,2996.409912,2997.959961,3007.389893,3008.4799805000002,2995.1419436,2970.0929689,2933.41596685,2967.4146369910554,2946.471678192488,-0.00036246962940771207,0.00407261773024783,0.012401758809794626,0.024597384702988324,0.013292342340443119,0.02025617461483966,0
137,2019-09-17,2995.669922,3005.699951,2997.959961,3002.674927,2999.0479494,2977.2429688999996,2938.8799682999997,2972.113917607816,2950.285625067119,-0.0015727248066472774,-0.00036290958323445256,0.00691036317012388,0.019706731733766567,0.008621210332496541,0.015902259053846367,1
138,2019-09-18,3001.5,3006.72998,3005.699951,3001.829956,3004.309961,2987.185962,2942.98247075,2977.2809996681517,2954.390389951036,0.0012875520055528047,0.00046245134998843576,0.006159626476967673,0.02086618134625637,0.009455019394864523,0.017070752864700712,1
139,2019-09-19,3010.360107,3006.790039,3006.72998,3006.2149655000003,3005.4699706,2994.0809571,2948.29346925,2981.811612026898,2958.2673966213297,0.00017128724675162857,0.000419063038045054,0.004206903507843458,0.019435237330490265,0.00828753101836642,0.01611803643859978,1
140,2019-09-20,3008.419922,2992.070068,3006.790039,3006.7600095,3004.9139648,2997.1599610000003,2952.4114746,2985.6544469458368,2961.861666427157,9.987228775764364e-06,0.0006239458610897534,0.0032027770064059617,0.018085254937882267,0.007029287638984102,0.014942304580663411,0
141,2019-09-23,2983.5,2991.780029,2992.070068,2999.4300535,3001.8499997999998,2998.4959717,2955.8674804499997,2986.641465569554,2964.099325802923,-0.0024598305964538734,-0.003268617237475656,-0.0021476447923879844,0.012099511952338516,0.0018143299812743766,0.0093482911701241,0
142,2019-09-24,3002.429932,2966.600098,2991.780029,2991.9250485000002,3000.6140134,2999.8309814,2963.10097655,2987.4320137896225,2966.1497482619657,-4.847264792013784e-05,-0.0029527519785446732,-0.002691024180240597,0.009585949559127898,0.0014533204875462873,0.008566900136238039,0
143,2019-09-25,2968.350098,2984.870117,2966.600098,2979.1900635,2992.7940427999997,2998.5520019000005,2967.5119873,2984.227103668142,2966.1831075018204,-0.004243903823939093,-0.008829617722206327,-0.010770546364352145,-0.0003073853131113813,-0.005941820631646834,0.000140561748939688,1
144,2019-09-26,2985.72998,2977.620117,2984.870117,2975.7351074999997,2988.4220702,2996.9460203999997,2973.29749755,2984.3260287961198,2967.5673304276115,0.0030604378555612213,-0.0011899858488883936,-0.004045704813493494,0.00387709313852192,0.0001822820365889189,0.0057968306472842126,0
145,2019-09-27,2985.469971,2961.790039,2977.620117,2981.245117,2982.5880858,2993.7510253,2977.7815063499997,2983.294350058255,2968.3119812848254,-0.0012174152032705385,-0.0016684360679982966,-0.00541738289847808,-5.4200785747783986e-05,-0.001905626921936577,0.0031260319817266193,0
146,2019-09-30,2967.070068,2976.73999,2961.790039,2969.705078,2976.53208,2989.1910399,2979.6420043999997,2979.9859945108315,2967.8288744489123,-0.002672383557165437,-0.004977409203853417,-0.009251500119586928,-0.006027424349778394,-0.006143566988622545,-0.0020389140922869864,1
147,2019-10-01,2983.689941,2940.25,2976.73999,2969.2650145,2973.5240722,2987.0690428,2982.15600585,2979.4866092014727,2968.4889570823266,0.0025111281217410778,0.0010803489088075074,-0.003469921066233189,-0.0018194453893166176,-0.0009226936886323888,0.00277183527798592,0
148,2019-10-02,2924.780029,2887.610107,2940.25,2958.494995,2968.2540526000003,2980.5240476999998,2983.85500485,2973.4502077858615,2966.3971824836353,-0.00620525295468073,-0.009524378063089959,-0.013697490927642124,-0.014830373216563256,-0.011291627509858513,-0.008892843290072385,0
149,2019-10-03,2885.379883,2910.629883,2887.610107,2913.9300535,2948.8020506000003,2968.6120604,2981.34650875,2960.2440384341908,2960.5611028181806,-0.00911478541933232,-0.02119120703022262,-0.028051554883964058,-0.03246158528215732,-0.025153649122544367,-0.025263450782824357,1
150,2019-10-04,2918.560059,2952.01001,2910.629883,2899.119995,2935.4040038,2958.9960447999997,2978.0780029000002,2952.611091444315,2956.8624939427596,0.0039544320173531475,-0.008511601198316895,-0.0166170773146012,-0.023173032165285497,-0.01442341009742019,-0.01588405699150842,1
151,2019-10-07,2944.22998,2938.790039,2952.01001,2931.3199465,2933.447998,2954.990039,2976.74300535,2952.5186173759594,2956.5030506877406,0.007008805332607994,0.0062879231225912635,-0.001009491495592805,-0.008378357548320182,-0.0001722918873027128,-0.001522027592223724,0
152,2019-10-08,2920.399902,2893.060059,2938.790039,2945.4000244999997,2925.8580078,2949.69104,2974.7610107,2950.4065283950426,2955.190975747908,-0.00224922005732978,0.004400461083773254,-0.0037093500574506945,-0.012240061801842818,-0.003952813654899782,-0.0055808467193147315,0
153,2019-10-09,2911.100098,2919.399902,2893.060059,2915.925049,2916.4200195999997,2942.3370360999998,2970.444519,2941.583994641959,2950.5886856184334,-0.007903392786081126,-0.008074481733391417,-0.017032822027563666,-0.026748307474387008,-0.01677252965800226,-0.01988504401748179,1
154,2019-10-10,2918.550049,2938.129883,2919.399902,2906.2299805000002,2922.7779786,2935.7900146,2966.3680175,2938.171057312427,2948.278405350401,0.00451117419404499,-0.0011571133497969082,-0.005614206052679406,-0.016088277412019944,-0.0064297992541437025,-0.009891931328290129,1
155,2019-10-11,2963.070068,2970.27002,2938.129883,2928.7648925000003,2928.2779786,2931.8409912,2962.7960082500003,2938.1647228028223,2947.5266629540747,0.00318739840406155,0.0033531207919033873,0.0021404403652770286,-0.008395178645000792,-1.1857815756833867e-05,-0.003198218025841659,1
156,2019-10-14,2965.810059,2966.149902,2970.27002,2954.1999514999998,2931.9299806,2932.6889893000002,2960.9400146,2943.1039992946958,2949.2113560685875,0.005410305592351554,0.012907930639922098,0.012652395387271795,0.0031411303811362304,0.00914597680425841,0.007089814659817497,0
157,2019-10-15,2973.610107,2995.679932,2966.149902,2968.209961,2937.4019532,2931.6299805,2959.3495116500003,2946.6495227878195,2950.4660631746183,-0.0006945228892885233,0.00969200807437813,0.01163795581495201,0.002292665770335641,0.006574306712898097,0.005287608294781936,1
158,2019-10-16,2989.679932,2989.689941,2995.679932,2980.914917,2957.9259278,2937.1729737,2958.8485107,2954.1926626666163,2953.8152386431652,0.004928769206042119,0.012602816407957983,0.019530443714972937,0.012294845289232947,0.013849032698792224,0.013975022134252084,0
159,2019-10-17,3000.77002,2997.949951,2989.689941,2992.6849365,2971.9839356,2947.3809570999997,2957.99650875,2959.653782410214,2956.4726240029304,-0.0010017746184736323,0.005922355076753381,0.01415162934449609,0.010600909417181637,0.0100465798067808,0.01111062272429464,1
160,2019-10-18,2996.840088,2986.199951,2997.949951,2993.819946,2983.9479492,2956.1129639,2957.55450435,2965.5455006547963,2959.545018595306,0.0013776097224779797,0.004670525535401113,0.013955198647010364,0.013474356580411085,0.010808869685898139,0.012810398116180604,0
161,2019-10-21,2996.47998,3006.719971,2986.199951,2992.074951,2987.1339354,2959.531958,2957.2609985000004,2968.7231084002124,2961.5194580326906,-0.0019673833287796472,-0.00031276686602560975,0.008930411036631895,0.009690895778867316,0.0058525359609409786,0.008264849431480491,1
162,2019-10-22,3010.72998,2995.98999,3006.719971,2996.459961,2995.2479491999998,2966.3249512,2958.0079956,2974.5687795694103,2964.8676441784173,0.0034123596806348434,0.003815460671645042,0.013434912525812925,0.016201034971606947,0.01069311134415242,0.013919595847052916,0
163,2019-10-23,2994.01001,3004.52002,2995.98999,3001.3549805000002,2995.3099608,2976.6179443,2959.4774902,2977.8643504048855,2967.173003128164,-0.0017907237734129423,0.00022697979708530603,0.006465991463476132,0.012187123428940466,0.006049966673992303,0.009618519076505986,1
164,2019-10-24,3014.780029,3010.290039,3004.52002,3000.255005,2998.2759766,2985.1299561,2960.45998535,2981.9652226502876,2969.939448822374,0.0014195328943090047,0.0020782166064581623,0.006453631119422483,0.014664583479793233,0.007506955253941798,0.011509515978404463,1
165,2019-10-25,3003.320068,3022.550049,3010.290039,3007.4050294999997,3000.7439941999996,2992.3459716999996,2962.09348145,2986.32288670409,2972.928381428124,0.0009583825686639264,0.0031711378891488753,0.0059609097686684305,0.016010602608249155,0.0079617418871279,0.012411314885886348,1
166,2019-10-28,3032.120117,3039.419922,3022.550049,3016.420044,3008.0140138,2997.5739746,2965.13148195,2991.896296288076,2976.6040605075223,0.002028090486716034,0.004809195865858031,0.008263245933103163,0.01899672995290742,0.01014168573389402,0.015201067888910144,1
167,2019-10-29,3035.389893,3036.889893,3039.419922,3030.9849855,3014.554004,3004.9009766000004,2968.26547855,2999.20762332068,2981.2570872847427,0.0027751797107552884,0.008181139374659915,0.011357083353354313,0.023410534008469312,0.013230254361450538,0.019136162888932103,0
168,2019-10-30,3039.73999,3046.77002,3036.889893,3038.1549075000003,3022.7339846000004,3009.0219727,2973.0974732,3005.0048955790367,2985.3780358562435,-0.0004165493463941776,0.004661317630457664,0.009176467136406697,0.021005838883734616,0.01049922734915677,0.016962043063362558,1
169,2019-10-31,3046.899902,3037.560059,3046.77002,3041.8299564999998,3031.1839846000003,3014.7299806,2981.05546885,3011.430299336108,2989.925590237263,0.0016214100400003865,0.005115593004292354,0.010516067569812782,0.02156859583054444,0.011599077197133496,0.018657276193999386,0
170,2019-11-01,3050.719971,3066.909912,3037.560059,3042.1650394999997,3036.6379886000004,3018.6909914,2987.40197765,3015.450262361322,2993.454069404873,-0.0015160129875804978,0.000303556269535306,0.006211915890878558,0.016512622096602297,0.007278801475272439,0.014520203300818778,1
171,2019-11-04,3078.959961,3078.27002,3066.909912,3052.2349855,3045.5099612,3026.7619875,2993.14697275,3023.3671315365036,2998.8952429304377,0.004784922583666636,0.006977691361675762,0.013090676169818986,0.024051224641906035,0.014197606618024603,0.02217693738033815,1
172,2019-11-05,3080.800049,3074.620117,3078.27002,3072.589966,3053.2799808,3033.9169924,3000.1209718,3031.813729761657,3004.7748560467016,0.0018452097974172932,0.008118208941267588,0.014408426587606545,0.02538732719750164,0.015091687843012134,0.0238754766397323,0
173,2019-11-06,3075.100098,3076.780029,3074.620117,3076.4450685,3060.8260256,3041.7800051,3009.1989747,3038.3993277983254,3009.948579080279,-0.000593553489717255,0.004486437632971511,0.010681030712842373,0.021277796869368547,0.011780573802078751,0.02103399296782809,1
174,2019-11-07,3087.02002,3085.179932,3076.780029,3075.700073,3066.8280274,3049.006006,3017.06798105,3044.3040510601213,3014.8990568521103,0.0003510020182856687,0.0032345508961310705,0.009026977144357934,0.019407317841115622,0.01055518354701291,0.020112250978176666,1
175,2019-11-08,3081.25,3093.080078,3085.179932,3080.9799805000002,3076.352002,3056.4949953,3024.4204835,3050.592648127795,3020.105047603806,0.001361331135483274,0.002861398749692089,0.009297654377456251,0.019693972422740354,0.011210783369054018,0.02109273553909341,1
176,2019-11-11,3080.330078,3087.01001,3093.080078,3089.130005,3081.5860352,3063.5479982,3030.5609864000003,3057.129175800442,3025.5106054109315,0.001277067809558332,0.0037160508328746827,0.00954779024637971,0.020212568062713987,0.011623010492118831,0.021845368010245378,0
177,2019-11-12,3089.280029,3091.840088,3087.01001,3090.045044,3083.3340332,3068.307007,3036.6039917999997,3061.7262272157586,3030.0661168619736,-0.000983162992723822,0.0011907887529007952,0.0060586143029708155,0.016328427195479125,0.008190379267426263,0.018446293647757364,1
178,2019-11-13,3084.179932,3094.040039,3091.840088,3089.425049,3086.7780274,3073.8020265,3041.4119996,3066.3591288748726,3034.6419665759013,0.0007811008756155241,0.0016372323457628213,0.005834086170888639,0.01631005710667918,0.008241357379388295,0.018499702376618726,1
179,2019-11-14,3090.75,3096.629883,3094.040039,3092.9400635,3090.2300294,3078.5290284,3046.6295044999997,3070.6177304325843,3039.0418237925014,0.00035551430690448167,0.0012314028105567868,0.005013190005457519,0.015323180664243584,0.007570137513471173,0.017775534419158356,1
180,2019-11-15,3107.919922,3120.459961,3096.629883,3095.334961,3092.5200195999996,3084.4360108,3051.5635011,3074.6196000583404,3043.30760595602,0.00041817138273739327,0.0013272052377208327,0.0039377880666147365,0.014553364012731166,0.007107818426248657,0.017219454393536313,1
181,2019-11-18,3117.909912,3122.030029,3120.459961,3108.544922,3097.9959962000003,3089.7910156999997,3058.2765016,3081.6719632801346,3049.022595218537,0.0038183598408298818,0.007198927427609368,0.009828341232800826,0.019927658158469856,0.012430218046263666,0.02289321660085325,1
182,2019-11-19,3127.449951,3120.179932,3122.030029,3121.244995,3105.0,3094.1670166,3064.0420045,3087.880896467806,3054.4305532764233,0.00025144985560931517,0.005454793465088741,0.008924645868612854,0.018573820226378077,0.010938117896044753,0.02165241048153182,0
183,2019-11-20,3114.659912,3108.459961,3120.179932,3121.1049805000002,3110.6679688,3098.7229980999996,3070.2515015999998,3092.8499788573745,3059.3008776263177,-0.000296472806107462,0.0030485303435379193,0.006876825813775031,0.016001779220468446,0.008759095224712677,0.01951139219546851,0
184,2019-11-21,3108.48999,3103.540039,3108.459961,3114.3199465,3113.5519532,3101.8909912999998,3075.44849865,3095.2515145716243,3062.9422912095533,-0.0018851732283901102,-0.0016381077008827596,0.002113255368387308,0.01061987696935945,0.004249193039027128,0.014643157821406691,0
185,2019-11-22,3111.409912,3110.290039,3103.540039,3106.0,3114.9339844,3103.727002,3080.11099865,3096.52667217599,3065.9495317866235,-0.0007926306633996744,-0.0036712738539926796,-6.024185209492161e-05,0.007549134232387431,0.00225979582537297,0.012112138635559083,1
186,2019-11-25,3117.439941,3133.639893,3110.290039,3106.915039,3112.9,3105.4479980999995,3084.49799815,3098.644113225838,3069.234013802429,0.00108510780592189,-0.0008391374975560959,0.0015567811487951346,0.008292487365034422,0.0037443214710311946,0.013200063236151065,1
187,2019-11-26,3134.850098,3140.52002,3133.639893,3121.964966,3115.2219728,3110.1109864,3089.2089967,3104.02807934494,3074.004819668916,0.003725676018511175,0.005877484595834518,0.007508490893468475,0.01417868607023119,0.009449654288997113,0.019030608291749938,1
188,2019-11-27,3145.48999,3153.629883,3140.52002,3137.0799564999998,3119.2899903999996,3114.9789796,3094.39050305,3109.642224061103,3078.9318715452923,0.0010953802166814967,0.0067600363840381785,0.008132742423975992,0.0146884963815642,0.009832064671537017,0.01961081224207818,1
189,2019-11-29,3147.179932,3140.97998,3153.629883,3147.0749514999998,3128.3239748,3120.9379639999997,3099.7334962,3116.409556205549,3084.465057578974,0.002078535447464966,0.008024374812153559,0.010366441279691642,0.017090270196428142,0.011802376364801529,0.021931814444639396,0
190,2019-12-02,3143.850098,3113.870117,3140.97998,3147.3049315,3135.811963,3125.3729737,3104.90449225,3120.189621404695,3088.65134812868,-0.0020136873015025617,0.0016453517796697205,0.004968833421217856,0.011485424287868229,0.006619067529142593,0.01665996988345016,0
191,2019-12-03,3087.409912,3093.199951,3113.870117,3127.4250485000002,3136.5279786,3124.7139893000003,3107.2525025,3119.217389957819,3090.5194050821115,-0.004353081853349599,-0.0072764311768499365,-0.0034824420712986294,0.002125205693028572,-0.0017172434163601497,0.007498935742504663,0
192,2019-12-04,3103.5,3112.76001,3093.199951,3103.535034,3128.4399902,3121.8309815000002,3107.99899905,3115.214707041231,3090.7179640389922,-0.0033412269377085415,-0.011392745298798808,-0.009256120184129725,-0.004784381315283353,-0.007117146123746032,0.0008024010734273433,1
193,2019-12-05,3119.209961,3117.429932,3112.76001,3102.9799805000002,3122.8879882,3121.0889893,3109.9059936999997,3114.83706134258,3092.350708184252,0.0031419156853019735,-0.0032536970943674334,-0.002675753759763799,0.000916876434685448,-0.000667269990589488,0.006556657676846654,1
194,2019-12-06,3134.620117,3145.909912,3117.429932,3115.094971,3115.6479979999995,3121.9859864,3111.93848885,3115.2359645206443,3094.2084284669,0.0007490019185457738,0.00057160354486535,-0.001461477723439012,0.0017615289741178127,0.0007037744318917722,0.007448925569981368,1
195,2019-12-09,3141.860107,3135.959961,3145.909912,3131.669922,3116.6339844,3126.2229737000002,3114.9749878499997,3119.955033363622,3098.03816798787,0.004526509149445737,0.009306028595519477,0.006257947255547424,0.009833378900012306,0.008250356609823352,0.015217137601278508,0
196,2019-12-10,3135.360107,3132.52002,3135.959961,3140.9349365,3121.0519532000003,3128.7899659000004,3117.118982,3122.4173299230647,3100.8471896924725,-0.001586428258609964,0.004753889713325878,0.00228637966975612,0.006008041950252458,0.004318496168751091,0.011196817479879651,0
197,2019-12-11,3135.75,3141.629883,3132.52002,3134.2399905,3128.915967,3128.6779785999997,3119.3944825,3123.971589934901,3103.193325270808,-0.0005490692761798446,0.0011505283212842872,0.0012265017862520152,0.004190088943150654,0.0027289307045190816,0.009362013504128151,1
198,2019-12-12,3141.22998,3168.570068,3141.629883,3137.0749514999998,3134.6899416,3128.7889649,3121.88397225,3126.6882504064547,3106.0404776951927,0.0014498625457594343,0.0022090257791197465,0.004087342741894902,0.0062852441202093995,0.004756013009170044,0.0113283253057239,1
199,2019-12-13,3166.649902,3168.800049,3168.570068,3155.0999755000003,3144.9179688000004,3130.2829834,3125.6104737,3133.1316069593076,3110.672299199253,0.004251158159965215,0.0074645971818224,0.01208339527873116,0.013558038287951137,0.011184370324832705,0.018272522796787066,1
200,2019-12-16,3183.629883,3191.449951,3168.800049,3168.6850585,3149.4959962000003,3133.0649903000003,3129.218982,3138.619059580953,3114.9780584437526,3.628834202903942e-05,0.006091912554120161,0.011277157961190006,0.0124908692211397,0.009524422163705575,0.016984975297899375,1
201,2019-12-17,3195.399902,3192.52002,3191.449951,3180.125,3160.5939941999995,3140.8229736999997,3132.7684815000002,3146.7468890300374,3120.6426430775487,0.0035485284663328426,0.009668319188377744,0.01586331544511204,0.018387087499715522,0.014007132386943899,0.022186563790625898,1
202,2019-12-18,3195.209961,3191.139893,3192.52002,3191.9849855,3172.5939941999995,3150.7549805999997,3136.29298105,3153.788909179262,3125.9668932199525,0.00016759002187861317,0.006241472465378741,0.013082154266334156,0.017612117887360956,0.012131830208769604,0.02084658087126028,0
203,2019-12-19,3192.320068,3205.370117,3191.139893,3191.8299564999998,3182.4959962000003,3158.5929688999995,3139.8409791000004,3159.535214382453,3130.794522833289,-0.0002162435753798913,0.002708717602434412,0.010199153027228482,0.016075419950259028,0.009903883777353113,0.01891028666561527,1
204,2019-12-20,3223.330078,3221.219971,3205.370117,3198.255005,3189.8560059999995,3167.3869874,3144.6864869,3166.586737862076,3136.3186409197124,0.002219747405226076,0.004840037322903766,0.011849842050548997,0.01893186368031516,0.012099501062991888,0.02154243458939926,1
205,2019-12-23,3226.050049,3224.01001,3221.219971,3213.295044,3200.3399904,3174.9179933,3150.5704835,3174.991850652526,3142.607628333067,0.002460225340506566,0.0064820101663278125,0.014374050240855144,0.021932524986198732,0.014351121861796639,0.02440452479950579,1
206,2019-12-24,3225.449951,3223.379883,3224.01001,3222.6149905,3206.8520022000002,3183.7229982,3156.25648205,3182.5331059367527,3148.6374343824696,0.0004326970126248963,0.00532194619333695,0.012495932604129872,0.02101529701826199,0.012865004740865328,0.02337851786556035,0
207,2019-12-26,3227.199951,3239.909912,3223.379883,3223.6949465,3213.0239748,3192.8089845,3160.74348155,3188.8172254849446,3154.1739120578422,-9.774321098836606e-05,0.003212748287788504,0.009484112828658523,0.019431901830852243,0.01072248967530565,0.02147000150591863,1
208,2019-12-27,3247.22998,3240.02002,3239.909912,3231.6448975000003,3222.7779786,3202.6369874,3165.71297615,3196.677638794953,3160.5247268683725,0.0025510013316690575,0.005287780791850604,0.011504308950674273,0.022900925601415316,0.013343665218876314,0.024502281633696124,1
209,2019-12-30,3240.090088,3221.290039,3240.02002,3239.964966,3229.7079592,3209.7819826,3170.032483,3203.345697441883,3166.413267100345,1.699187031564309e-05,0.003182715148778595,0.009332669925909884,0.0216009581940793,0.011319165416180586,0.02271799323624396,0
210,2019-12-31,3215.179932,3230.780029,3221.290039,3230.6550294999997,3229.7219728,3215.0309816,3174.04798595,3206.106365373901,3170.478213166986,-0.002907217414954341,-0.0026175642981274634,0.0019430282042976492,0.014665569532095109,0.004713538191926493,0.01577375064580894,1
211,2020-01-02,3244.669922,3257.850098,3230.780029,3226.035034,3231.0759766,3218.9639894,3179.89348155,3209.9023136240703,3174.9450143398017,0.0014686840197748472,-9.160252240747352e-05,0.003657333366535998,0.01575054537704023,0.006462128398878286,0.01728220867995168,1
212,2020-01-03,3226.360107,3234.850098,3257.850098,3244.3150635,3237.9700196,3225.4969972,3188.1259889000003,3217.278895835752,3181.0861316479645,0.004154590939684085,0.006102207837065437,0.009930813213248093,0.02140187761947776,0.012453366773736686,0.023562768096408396,0
213,2020-01-06,3217.550049,3246.280029,3234.850098,3246.350098,3236.9580567999997,3229.8680177,3194.2304933,3219.982157707175,3185.0686476740416,-0.003555033355984584,-0.0006516403345252564,0.001540127099886339,0.012556873879600666,0.0045961759718069935,0.01538910577548447,1
214,2020-01-07,3241.860107,3237.179932,3246.280029,3240.5650635,3238.2100586,3233.9590089,3200.6729981500002,3224.0279840599173,3189.602824068557,0.0017604659637943498,0.00248591320770494,0.0037954273783939695,0.014049013160472416,0.006854628911029988,0.01745912380482539,0
215,2020-01-08,3238.590088,3253.050049,3237.179932,3241.7299805000002,3241.3880372,3235.555005,3205.23649915,3226.051360666084,3193.1270542857005,-0.0014055593434959641,-0.0012999293485055077,0.0005019575785507629,0.009867672950222693,0.003437736414929737,0.013608411839833277,1
216,2020-01-09,3266.030029,3274.699951,3253.050049,3245.1149905,3245.8420412,3238.4590089,3211.09100355,3230.205005025148,3197.565794634908,0.0024392672662503327,0.002215769106354719,0.004485341411972878,0.012898370703794803,0.0070226537036756674,0.017056071541889782,1
217,2020-01-10,3281.810059,3265.350098,3274.699951,3263.875,3249.2120118,3243.5910157000003,3218.2000001,3237.0503813289715,3203.279435847137,0.003305631405006869,0.007783289944538877,0.00949978189314718,0.017253474133636718,0.011497105149902796,0.02180978905595712,0
218,2020-01-13,3271.129883,3288.129883,3265.350098,3270.0250244999997,3255.3120118,3246.1350343000004,3224.3860108500003,3241.404183893745,3207.877262673275,-0.0014316769594976079,0.003074122497966748,0.005884534008089542,0.012545082738628786,0.007333337433226985,0.017600818779562634,1
219,2020-01-14,3285.350098,3283.149902,3288.129883,3276.7399905,3263.6819826,3250.9460206000003,3230.3640016,3248.592752987015,3213.8219012159952,0.003463942394394723,0.007435199116190137,0.011308513873568213,0.017568004749038718,0.012024199596675425,0.022598858447832434,0
220,2020-01-15,3282.27002,3289.290039,3283.149902,3285.6398925000003,3272.8759766000003,3257.1320069,3236.08149425,3253.9092374505512,3218.957308681477,-0.0007584151118057001,0.0031292891603095087,0.007924674741214499,0.014336356595027017,0.008906283728207566,0.019552135977531433,1
221,2020-01-16,3302.969971,3316.810059,3289.290039,3286.2199705000003,3280.1239746,3262.9830079,3240.97349865,3259.3524376889277,3224.167140556923,0.0009333529313617657,0.00278663915049173,0.007997783955834408,0.014689048328705377,0.009101538920591455,0.019798466438330643,1
222,2020-01-17,3323.659912,3329.620117,3316.810059,3303.050049,3288.5459962,3268.879004,3247.1880006,3268.1920717367852,3231.029578960114,0.0041485673750484625,0.00852145956423003,0.014450949601392298,0.02099066788919184,0.01465805590262613,0.025862343189392078,1
223,2020-01-21,3321.030029,3320.790039,3329.620117,3323.215088,3301.4,3278.3560058999997,3254.1120118,3277.642540238818,3238.332581777883,0.0019236515803403326,0.00847547648331314,0.015396384361765996,0.022677693714811265,0.01561066275873351,0.027416801921645986,0
224,2020-01-22,3330.02002,3321.75,3320.790039,3325.205078,3307.9320311999995,3285.8070069,3259.8830079,3284.2806169713076,3244.440541572114,-0.0013295146480653422,0.0038719725273183556,0.010534551022242435,0.018341126775464903,0.010994197645716429,0.022991365467621493,1
225,2020-01-23,3315.77002,3325.540039,3321.75,3321.2700194999998,3315.6520508000003,3294.2640136999994,3264.90950935,3290.04513743726,3250.167168122328,0.00014449627455414706,0.0018357640400390382,0.008274549951080184,0.01711161003988861,0.009544626345372136,0.02154973489205151,1
226,2020-01-24,3333.100098,3295.469971,3325.540039,3323.6450194999998,3322.9020508000003,3301.5130127,3269.9860108000003,3295.5058915238355,3255.750343742896,0.0005698381248689025,0.0007932510717245507,0.0072249998551287215,0.016705265174526356,0.009031359455589593,0.02098597353772654,0
227,2020-01-27,3247.159912,3243.629883,3295.469971,3310.505005,3318.6340332,3303.5900147,3273.5905152,3295.5003652893993,3258.692538354533,-0.00456233378920387,-0.007029061834531275,-0.0024640017270544943,0.006639252061932978,-9.223051542496538e-06,0.011159996288573946,0
228,2020-01-28,3255.350098,3276.23999,3243.629883,3269.549927,3301.4359864,3301.4179931999997,3273.77651375,3287.5202910910302,3257.5767861060494,-0.007991060920929357,-0.017821423986430746,-0.01781587674440588,-0.009294103161399437,-0.013531262713129396,-0.004299782530413127,1
229,2020-01-29,3289.459961,3273.399902,3276.23999,3259.9349365,3292.5259766000004,3300.2290039,3275.58751225,3285.7848601539486,3258.95924565375,0.004976757975535306,-0.004970938224827767,-0.0073221174191210325,0.00019915444289534144,-0.0029133611039124526,0.005274566087648002,0
230,2020-01-30,3256.449951,3283.659912,3273.399902,3274.819946,3282.8559569999998,3299.2540039,3278.1930054000004,3283.879481976418,3260.02892390162,-0.0004338131736157062,-0.0028887564254590887,-0.00789824117859949,-0.0014642584296137402,-0.003201435904612513,0.004084737123078207,1
231,2020-01-31,3282.330078,3225.52002,3283.659912,3278.529907,3274.4799316,3298.6909912,3280.8369995499997,3283.845701980046,3261.779367464463,0.001562282677707454,0.00279565504529027,-0.004577538357449735,0.0008596847802916841,-5.658015294677028e-05,0.006663462454067002,0
232,2020-02-03,3235.659912,3248.919922,3225.52002,3254.589966,3260.4899414,3289.5619872999996,3279.22049565,3274.8725201369625,3259.0934898745027,-0.00901248351265855,-0.010841638304263324,-0.01985477284372883,-0.016648625746244802,-0.01530063364386205,-0.010408699889112062,1
233,2020-02-04,3280.610107,3297.590088,3248.919922,3237.219971,3261.5479492000004,3281.4919677999997,3279.92398685,3270.8798127312757,3258.339892254169,0.003601181709888895,-0.0038868385504025236,-0.010025499729752838,-0.00954288366421604,-0.006759135730793079,-0.0028994159537087936,1
234,2020-02-05,3324.909912,3334.689941,3297.590088,3273.255005,3265.8179688,3279.1719727000004,3282.4894898,3274.989085849541,3261.2473141612677,0.007379656764664542,0.009634951086133877,0.005585325892088107,0.004579282990615342,0.006853793693978059,0.011021010152530587,1
235,2020-02-06,3344.919922,3345.780029,3334.689941,3316.1400145,3278.0759766,3280.4659668,3287.36499025,3284.1738327957655,3266.6875087419144,0.005562714023852423,0.01697727986759174,0.01626057449399316,0.014191709450446916,0.01514866722184249,0.020392430319231804,1
236,2020-02-07,3335.540039,3327.709961,3345.780029,3340.234985,3290.5,3282.4899658000004,3292.0014892499994,3293.6517091348787,3272.546213946217,0.001657324735020696,0.016522314234902743,0.018916385013785862,0.016073543174945113,0.01558031891316585,0.021888412991595097,0
237,2020-02-10,3318.280029,3352.090088,3327.709961,3336.744995,3310.9379882000003,3285.7139648,3294.65198975,3298.891440191051,3276.6324174316824,-0.002715090589591199,0.005040094538455399,0.01262008909796325,0.009934150402959295,0.00866016604412507,0.015349157278409112,1
238,2020-02-11,3365.870117,3357.75,3352.090088,3339.9000244999997,3331.5720214000003,3296.5599853,3298.9889892500005,3307.0758475462735,3282.221874510817,0.0036365560530842687,0.006120977080374833,0.016565814534278127,0.01584119082601441,0.013428708439212574,0.020843178928663338,1
239,2020-02-12,3370.5,3379.449951,3357.75,3354.920044,3343.6040038,3304.7109862999996,3302.4699951000002,3314.8718710006933,3287.8165504729786,0.0008428131933586594,0.00421293908122996,0.015795998421562176,0.016463407013625125,0.01276989918823816,0.020827473613884706,1
240,2020-02-13,3365.899902,3373.939941,3379.449951,3368.5999755000003,3352.5560058,3315.3159912,3307.2849975500003,3324.806960231356,3294.6042097712766,0.003210574400366316,0.007958083590509124,0.01897763267096834,0.02135405302529949,0.016169196632864785,0.025106376025369772,0
241,2020-02-14,3378.080078,3380.159912,3373.939941,3376.694946,3358.1879882000003,3324.3439940999997,3311.5174926500003,3332.365880349609,3300.480930603034,-0.0008165542505725305,0.00466871167698708,0.014699712433322297,0.018501351370083484,0.012322110463551653,0.02177247125957844,1
242,2020-02-18,3369.040039,3370.290039,3380.159912,3377.0499265,3368.6779784,3339.8079832999997,3314.6849853,3339.7188082958232,3306.3830773731797,0.0009200705235747499,0.003396861065429986,0.011937875648056135,0.019370363652783357,0.011964257537226493,0.021826433230245454,0
243,2020-02-19,3380.389893,3386.149902,3370.290039,3375.2249755000003,3372.3179685999994,3351.9449950000003,3316.7184814,3344.422074558004,3311.1169263825736,-0.001464246828283219,-0.0006017077392547296,0.005443164768526228,0.01589523660577741,0.007675293266353748,0.01755727606012912,1
244,2020-02-20,3380.449951,3373.22998,3386.149902,3378.2199705000003,3377.9979489999996,3360.8009764000003,3319.9864745500004,3350.841740318311,3316.6749245764568,0.002341872548322829,0.002407440082668999,0.007486061259434403,0.019539426595060333,0.010427229361829046,0.020517395695479564,0
245,2020-02-21,3360.5,3337.75,3373.22998,3379.689941,3376.7539548,3364.6549803000003,3322.5604735499996,3354.286084884725,3320.8641879411634,-0.0019150668760509538,-0.001044688568788276,0.0025420738434204855,0.015021064899346242,0.005615951247793414,0.015523931771422425,0
246,2020-02-24,3257.610107,3225.889893,3337.75,3355.48999,3369.5159666,3363.8519774,3323.1709715999996,3351.7420718255366,3322.1149888344107,-0.0053149546850423295,-0.009517179716875128,-0.007820231413377312,0.004367921024642476,-0.004192067058808072,0.004684296656606779,0
247,2020-02-25,3238.939941,3128.209961,3225.889893,3281.8199465,3338.6619628,3353.6699706,3319.6919676999996,3332.3801981600695,3314.9872039577876,-0.017337868109312978,-0.034958437374043326,-0.039610799450184433,-0.029077891004136512,-0.0330111407060568,-0.027619451969245378,0
248,2020-02-26,3139.899902,3116.389893,3128.209961,3177.049927,3290.2459472,3331.2819579,3313.9209715999996,3300.969392443136,3301.151852627581,-0.015612751896099472,-0.051798309007430474,-0.0649163577354903,-0.059366542820109496,-0.05522629030562561,-0.05528461765152625,0
249,2020-02-27,3062.540039,2978.76001,3116.389893,3122.299927,3236.2939453999998,3307.1459472,3305.9284667499996,3272.5725463749613,3287.4657815440564,-0.00189643600541609,-0.03847530524640927,-0.06121058684873616,-0.060819916717012534,-0.05011653186457094,-0.05489553439007267,0
250,2020-02-28,2916.899902,2954.219971,2978.76001,3047.5749514999998,3157.3999514,3267.0769530999996,3291.19647215,3227.3706177018903,3264.5986873556076,-0.023101875031550395,-0.05997124333624992,-0.09679092714152547,-0.10488809474449735,-0.08346110692613008,-0.09595894815158594,0
251,2020-03-02,2974.280029,3090.22998,2954.219971,2966.4899905,3080.6939456,3225.1049561000004,3274.7244751,3185.347441286215,3241.6076713292664,-0.004153387229268114,-0.04281129226717289,-0.09169425017741864,-0.10849039924116059,-0.07823637797965964,-0.09728039995342189,1
252,2020-03-03,3096.459961,3003.370117,3090.22998,3022.2249755000003,3053.561963,3196.1119629,3267.9599731000003,3170.713985703721,3230.39450900858,0.022006454192771703,0.011865789031015732,-0.034263463750358124,-0.05751351655063557,-0.026044665356499085,-0.04535731318242529,0
